Keyword,Google Ads Search Volume,Google Ads CPC,Google Ads Competition,Bing Ads Search Volume,Bing Ads CPC,Bing Ads Competition
disability support services,1000,$5.84,Medium,130,$4.64,High
support services for carers,590,$4.0,High,0,$0.05,Low
home help for disabled,10,$0.01,Low,0,$0.05,Low
carers help,170,$3.4,High,0,$0.05,Medium
disability home care services,70,$4.08,High,0,$0.05,High
in home help for disabled,10,$8.34,Low,0,$0.05,Low
disability care and support,40,$4.95,High,0,$0.05,Low
disability help services,20,$9.06,Medium,0,$0.05,Low
disability and support services,10,$4.95,High,130,$4.64,High
in home services for disabled,10,$0.01,Low,0,$12.21,Low
